depth,position_bin,alpha_mean,alpha_std,count
1,0,0.5202339466543454,0.45819658505577887,12672
1,1,0.547717518480487,0.4542061940527702,12270
2,0,0.5371202717943186,0.44490383927463345,25344
2,1,0.5335253364177418,0.44647670230406616,24540
3,0,0.5412352034649206,0.45043976892955195,12672
3,1,0.5560127052609679,0.4503597267851837,12270
