task_type,depth,prob_chain_ge_d
chat,1,0.5670574755074617
chat,2,0.3133391019720124
chat,3,0.18419283399007363
code,1,0.5325724228754887
code,2,0.2866723879486207
code,3,0.155904448656942
math,1,0.5101979846487801
math,2,0.2646080913377646
math,3,0.13894295300813755
reasoning,1,0.5258731146850784
reasoning,2,0.27991861659079564
reasoning,3,0.15060416528545909
