task_type,expected_length
chat,1.0645894114695478
code,0.9751492594810514
math,0.9137490289946822
reasoning,0.9563958965613331
