task_type,n_samples,n_nodes,mean_alpha,std_alpha,mean_entropy
chat,50,24592,0.5650091654837253,0.44154408687064517,1.2516817574351329
code,50,25600,0.5382429209144675,0.45362877178907407,0.8858000426329637
math,50,25392,0.5181409209407377,0.450064124426537,1.151300133403889
reasoning,50,24184,0.5321219154049057,0.45171782978624003,0.8943294378187799
